5.000000000000000278e-02,2.000000000000000000e+00,-1.665686004251696772e+00
5.000000000000000278e-02,2.000000000000000000e+00,-1.664943956070705333e+00
5.000000000000000278e-02,2.000000000000000000e+00,-1.664229909707864330e+00
5.000000000000000278e-02,2.000000000000000000e+00,-1.664684805771546428e+00
5.000000000000000278e-02,2.000000000000000000e+00,-1.665123160160185245e+00
5.000000000000000278e-02,2.000000000000000000e+00,-1.667942074798513641e+00
5.000000000000000278e-02,2.000000000000000000e+00,-1.670662080151287032e+00
5.000000000000000278e-02,2.000000000000000000e+00,-1.670248205167614186e+00
5.000000000000000278e-02,2.000000000000000000e+00,-1.669848359844404717e+00
5.000000000000000278e-02,2.000000000000000000e+00,-1.675082396073436897e+00
5.000000000000000278e-02,2.000000000000000000e+00,-1.680144824557254335e+00
5.000000000000000278e-02,2.000000000000000000e+00,-1.683411639088644218e+00
5.000000000000000278e-02,2.000000000000000000e+00,-1.686574745222212179e+00
5.000000000000000278e-02,2.000000000000000000e+00,-1.687266887114148517e+00
5.000000000000000278e-02,2.000000000000000000e+00,-1.687937732332487117e+00
5.000000000000000278e-02,2.000000000000000000e+00,-1.687434250097677557e+00
5.000000000000000278e-02,2.000000000000000000e+00,-1.686945797183310169e+00
5.000000000000000278e-02,2.000000000000000000e+00,-1.685768422003976141e+00
5.000000000000000278e-02,2.000000000000000000e+00,-1.684625173641434603e+00
5.000000000000000278e-02,2.000000000000000000e+00,-1.681417597506887018e+00
5.000000000000000278e-02,2.000000000000000000e+00,-1.678300375629650620e+00
5.000000000000000278e-02,2.000000000000000000e+00,-1.677150654601167412e+00
5.000000000000000278e-02,2.000000000000000000e+00,-1.676032432778944203e+00
5.000000000000000278e-02,2.000000000000000000e+00,-1.672975081677298359e+00
5.000000000000000278e-02,2.000000000000000000e+00,-1.669999259938363068e+00
5.000000000000000278e-02,2.000000000000000000e+00,-1.668387113341145422e+00
5.000000000000000278e-02,2.000000000000000000e+00,-1.666816840681518030e+00
5.000000000000000278e-02,2.000000000000000000e+00,-1.665288108471552952e+00
5.000000000000000278e-02,2.000000000000000000e+00,-1.663798078342852982e+00
5.000000000000000278e-02,2.000000000000000000e+00,-1.662007012557008112e+00
5.000000000000000278e-02,2.000000000000000000e+00,-1.660260170617727349e+00
4.776638624761942592e-02,1.975099980530024224e+00,-1.657607353301431052e+00
4.566329899123652142e-02,1.950188340724640979e+00,-1.655018459293960964e+00
4.358449188921979106e-02,1.925776756352035823e+00,-1.655375916103971834e+00
4.148885585781562912e-02,1.901366592627025787e+00,-1.655724962165511904e+00
3.946354779078306563e-02,1.876950317504369359e+00,-1.655188185778359466e+00
3.733649136932620100e-02,1.851037284032292840e+00,-1.654663749078267632e+00
3.566855086720500251e-02,1.827092201323052167e+00,-1.652364202701038343e+00
3.402019554455622263e-02,1.802142025798941782e+00,-1.650116331523296953e+00
3.177038756381982826e-02,1.778247142789428858e+00,-1.651876458571394979e+00
2.944322262614492217e-02,1.754358402293720420e+00,-1.653597901508546020e+00
2.765644654965016339e-02,1.729922164116097338e+00,-1.652626610951675623e+00
2.587057059723817456e-02,1.704984150526488884e+00,-1.651676208363770382e+00
2.368223070498653299e-02,1.680080023728059757e+00,-1.652245703282451350e+00
2.159139560913261868e-02,1.656672906668142042e+00,-1.652803208834423776e+00
1.912518121615123037e-02,1.632795372685424962e+00,-1.654256176413446022e+00
1.647544746360367005e-02,1.607427877078155598e+00,-1.655679185898055295e+00
1.450025294579775255e-02,1.583509314205351570e+00,-1.655527904828307584e+00
1.253116540282843243e-02,1.559590230069711758e+00,-1.655379679941787030e+00
1.052750907716541555e-02,1.534670536209405300e+00,-1.655134666325284165e+00
8.533792165586541120e-03,1.509749997976496561e+00,-1.654894504463563676e+00
7.533688168533426120e-03,1.485247971512505316e+00,-1.652745554902057989e+00
6.576026565369989113e-03,1.460240640947821023e+00,-1.650638332516504381e+00
4.751282719122758638e-03,1.435807865170946274e+00,-1.650399583172440288e+00
2.856107100711301802e-03,1.410377538775159811e+00,-1.650165381434930190e+00
1.591628178557619958e-03,1.386399856583634627e+00,-1.649086027239892616e+00
3.663812712795851004e-04,1.362419114066017567e+00,-1.648026847889622282e+00
-8.392720324871667760e-04,1.336931849618054002e+00,-1.646835275589790148e+00
-1.960885309540094396e-03,1.311939673805581519e+00,-1.645665567001881602e+00
-4.425287862177507310e-03,1.287560499405458359e+00,-1.646581714450025435e+00
-6.922667684716886892e-03,1.263183722453106617e+00,-1.647481354736941794e+00
-8.634103268510533863e-03,1.238240454189345030e+00,-1.647205377525672088e+00
-1.033550951331900329e-02,1.213296435378054872e+00,-1.646934284866814480e+00
-1.198911785766096708e-02,1.188850240912085576e+00,-1.646667948219515676e+00
-1.338281583594759690e-02,1.163881246846453665e+00,-1.646051217959817459e+00
-1.475467336430219371e-02,1.138910645744746875e+00,-1.645445120980458809e+00
-1.549829984843814103e-02,1.115394078826107860e+00,-1.644275478043582650e+00
-1.620467114471920225e-02,1.091874852854450850e+00,-1.643125659563263730e+00
-1.855555228599636147e-02,1.066482638963004437e+00,-1.643684295752684044e+00
-2.088973238741222496e-02,1.041590457986002249e+00,-1.644233621338947460e+00
-2.457028619498431363e-02,1.016806449612519980e+00,-1.646158046352966142e+00
-2.831574516723682489e-02,9.920270532029575872e-01,-1.648050923415935065e+00
-3.000740342345751058e-02,9.670825497285353567e-01,-1.647815316732205160e+00
-3.165277497364578363e-02,9.426359704269873241e-01,-1.647583510156277242e+00
-3.130407674910098970e-02,9.175281782851206769e-01,-1.645442488473637610e+00
-3.085027410038284137e-02,8.929139459524829681e-01,-1.643335451262150748e+00
-3.188772896325532680e-02,8.684194125409852028e-01,-1.642668886541599482e+00
-3.294030180730198043e-02,8.434247480484212689e-01,-1.642012736894806313e+00
-3.589830893426244202e-02,8.185819199894133202e-01,-1.643031985840046172e+00
-3.888861735188983010e-02,7.937412601836095760e-01,-1.644035554032282187e+00
-4.001700564832903761e-02,7.687527397870193013e-01,-1.643454669815049396e+00
-4.109097005916828582e-02,7.442616367137480093e-01,-1.642882586873835260e+00
-4.245258414205593106e-02,7.197934335366419356e-01,-1.642561769553270601e+00
-4.384050232855797591e-02,6.948258699678543371e-01,-1.642245740550923427e+00
-4.574773952733669075e-02,6.698993017177770071e-01,-1.642339594539943493e+00
-4.765782124428027261e-02,6.449729242644008931e-01,-1.642432068323242955e+00
-5.012682645106469187e-02,6.205918993966115238e-01,-1.642959937353017708e+00
-5.264712564856784821e-02,5.957132035579505436e-01,-1.643480156106998491e+00
-5.512280362975283815e-02,5.708308653982898662e-01,-1.643950140131333448e+00
-5.761231998985359010e-02,5.459494863947569332e-01,-1.644413410098177764e+00
-5.951114473315303327e-02,5.220249209106169186e-01,-1.644505266369830521e+00
-6.141245382856589524e-02,4.981005306317949355e-01,-1.644595828891178391e+00
-6.372480897043791837e-02,4.737066429079813679e-01,-1.644932556219867115e+00
-6.608351213527094425e-02,4.488147905337058763e-01,-1.645264606780101779e+00
-6.873357627592648067e-02,4.239455508512244286e-01,-1.645773745676060829e+00
-7.139802970946210192e-02,3.990773533109330251e-01,-1.646275910066595793e+00
-7.198798785163530722e-02,3.740478745006089456e-01,-1.645467219845254236e+00
-7.251810090841967482e-02,3.495153423377712065e-01,-1.644669457870146845e+00
-7.708406195295744445e-02,3.242932703711315923e-01,-1.646295071992617709e+00
-8.165865051932022500e-02,2.995731074553251161e-01,-1.647899011260121727e+00
-8.283836320434995182e-02,2.745895277823156011e-01,-1.647460573747548729e+00
-8.400617781978159115e-02,2.496050342785995635e-01,-1.647027905149614391e+00
-8.626761986789800718e-02,2.247053608840947347e-01,-1.647232046882715739e+00
-8.845816908872426720e-02,2.008031805081323118e-01,-1.647433537424478178e+00
-8.930623313418911691e-02,1.752924322713585448e-01,-1.646820080442611633e+00
-9.006150909832930096e-02,1.507775177912739351e-01,-1.646214488293845868e+00
-9.229701283130301026e-02,1.273803384111635850e-01,-1.646465703168156436e+00
-9.453833126779395690e-02,1.039835878229658783e-01,-1.646713738107349334e+00
-9.576139174704328960e-02,7.900347473164771872e-02,-1.646358996019532839e+00
-9.697528978205360861e-02,5.402267787556085804e-02,-1.646008688207813986e+00
-1.011272791591640713e-01,2.926932309769389451e-02,-1.647176263728755696e+00
-1.053090543212541752e-01,4.518172464511180375e-03,-1.648329424737092763e+00
-1.091630792331302613e-01,-2.025836576718012885e-02,-1.649289678200473119e+00
-1.130412939620308310e-01,-4.503300557417230787e-02,-1.650238221255763582e+00
-1.148739896528814530e-01,-6.996586475505210678e-02,-1.650164321112077781e+00
-1.167048466233096410e-01,-9.489887430243347521e-02,-1.650091311331568500e+00
-1.187714082265466931e-01,-1.198136393594442517e-01,-1.650132453896379747e+00
-1.207993548731416122e-01,-1.442298946693444661e-01,-1.650173106668752609e+00
-1.213236687252296497e-01,-1.692641498449038995e-01,-1.649493707867506709e+00
-1.217921634538860348e-01,-1.938012954531338206e-01,-1.648822301993333905e+00
-1.223920186389950704e-01,-2.188297961546297188e-01,-1.648207917579003645e+00
-1.229771096573995942e-01,-2.438594568505074167e-01,-1.647600677169490879e+00
-1.231532327264436705e-01,-2.689208212280270738e-01,-1.646824770570351149e+00
-1.233109206838081118e-01,-2.939835852507219904e-01,-1.646057782437868156e+00
-1.260798207447006991e-01,-3.188438989326062845e-01,-1.646445190717797269e+00
-1.288200342739958537e-01,-3.432049756930339313e-01,-1.646828196630908847e+00
-1.314362930846056376e-01,-3.675756845917216298e-01,-1.647150349104158140e+00
-1.340978569610723481e-01,-3.924444005539621805e-01,-1.647468881886696712e+00
-1.381913617436815733e-01,-4.167007359482183815e-01,-1.648394964221213455e+00
-1.423439876117101044e-01,-4.414540073266982612e-01,-1.649310756752013329e+00
-1.422322557107142948e-01,-4.665374955138156254e-01,-1.648462440470398693e+00
-1.421012458648394372e-01,-4.916225194947542732e-01,-1.647623446345724885e+00
-1.421670925073899583e-01,-5.166923016916736833e-01,-1.646880191978711938e+00
-1.422162275786136298e-01,-5.417633537335108107e-01,-1.646145016463514743e+00
-1.397268913898891962e-01,-5.665294419921645952e-01,-1.644440785111576986e+00
-1.372381169941887524e-01,-5.917967832835450137e-01,-1.642754878827939580e+00
-1.390419715368121090e-01,-6.162300991781834991e-01,-1.642771231968805701e+00
-1.408821264782937066e-01,-6.411620981269485764e-01,-1.642787411140087750e+00
-1.408620962477927785e-01,-6.667393577796599802e-01,-1.642085481694786298e+00
-1.407195690868917326e-01,-6.908214490351708426e-01,-1.641390940980487878e+00
-1.460767462957770213e-01,-7.144788266697696955e-01,-1.642752898586359089e+00
-1.514606234860493839e-01,-7.381345411923020405e-01,-1.644100669133836012e+00
-1.516362490982396949e-01,-7.621920482030198896e-01,-1.643522911941244224e+00
-1.518733319520213787e-01,-7.872476710934843691e-01,-1.642951111008370102e+00
-1.518733319520213787e-01,-7.872476710934843691e-01,-1.642951111008370102e+00
-1.520800837411632744e-01,-8.353732310920309878e-01,-1.641793696123230673e+00
-1.535074604773409013e-01,-8.603368738757146694e-01,-1.641671630988005504e+00
-1.549322756897494047e-01,-8.853006783074017783e-01,-1.641550798833943503e+00
-1.536113973697912638e-01,-9.109768691981653399e-01,-1.640468080879739610e+00
-1.522669490684926963e-01,-9.366545294332800919e-01,-1.639396190105077533e+00
-1.543927850617790309e-01,-9.615641057624663146e-01,-1.639536587109459376e+00
-1.564871656068233252e-01,-9.859746969793052873e-01,-1.639675594044490925e+00
-1.630626613251409118e-01,-1.011045041300842273e+00,-1.641290364575221927e+00
-1.696374327460963283e-01,-1.035614573629388024e+00,-1.642889304022318475e+00
-1.710970543728447257e-01,-1.060575723163696082e+00,-1.642776923920548304e+00
-1.725184516150632397e-01,-1.085038316768224709e+00,-1.642665634887727544e+00
-1.798963411751436092e-01,-1.110048679637416491e+00,-1.644463636660631112e+00
-1.872751144465501505e-01,-1.134557879639995548e+00,-1.646244349954948616e+00
-1.903320539738839190e-01,-1.159397236334438919e+00,-1.646618320741949582e+00
-1.933585083113438796e-01,-1.183737477713243891e+00,-1.646988729902407966e+00
-1.972521533153256679e-01,-1.209014431931380917e+00,-1.647601853608525513e+00
-2.010816785138614948e-01,-1.233293366779612876e+00,-1.648209193128735484e+00
-2.025332214047134705e-01,-1.257753826847905376e+00,-1.648072179511452795e+00
-2.040594428175039887e-01,-1.283211502961374650e+00,-1.647936446395265930e+00
-2.075879975719642778e-01,-1.307513371367668986e+00,-1.648435926077051139e+00
-2.111644318776124130e-01,-1.332313013078874508e+00,-1.648930780946968433e+00
-2.129587632899438698e-01,-1.357248734486915520e+00,-1.648883674088978957e+00
-2.147131940693688956e-01,-1.381686052458304337e+00,-1.648836999403998860e+00
-2.147131940693688956e-01,-1.381686052458304337e+00,-1.648836999403998860e+00
-2.170018180271734154e-01,-1.430653951817766334e+00,-1.648387590419555071e+00
-2.182436624553802385e-01,-1.455631930585520761e+00,-1.648184822898295154e+00
-2.194817146944560704e-01,-1.480610211917403163e+00,-1.647983882111460963e+00
-2.163014053899156297e-01,-1.505926285028948541e+00,-1.646517015885991420e+00
-2.130939034224895723e-01,-1.531244474948800116e+00,-1.645063246680391833e+00
-2.141273429135072959e-01,-1.556238369031722302e+00,-1.644830661988720966e+00
-2.151565066432636619e-01,-1.581232565681025548e+00,-1.644600135568658139e+00
-2.166529497594681664e-01,-1.605689569187602750e+00,-1.644513561914547672e+00
-2.182215516055956706e-01,-1.631143960259222148e+00,-1.644427747678455898e+00
-2.156363836935955292e-01,-1.655912723479923576e+00,-1.643219696865805046e+00
-2.120526204947657811e-01,-1.656186412845088718e+00,-1.592239542147177334e+00
-2.135404896533306673e-01,-1.656072785369481659e+00,-1.542646472487034792e+00
-2.157877731935893273e-01,-1.655901161974922431e+00,-1.494261101703272532e+00
-2.154358490498824164e-01,-1.655928038163479998e+00,-1.443164850893462692e+00
-2.158681986118782536e-01,-1.655895019944756630e+00,-1.393283097953822436e+00
-2.135589669044104522e-01,-1.656071374275378316e+00,-1.342651525991919614e+00
-2.120284569693368093e-01,-1.656188258195790741e+00,-1.293232933453422939e+00
-2.060131286701332165e-01,-1.679697238869760412e+00,-1.293423833673916334e+00
-1.998639785389547396e-01,-1.703690108560094618e+00,-1.293613129690876384e+00
-1.961599796479905622e-01,-1.727510839219545513e+00,-1.294460118376205227e+00
-1.926068195658826865e-01,-1.750863946208145894e+00,-1.295300048822490169e+00
-1.843030734421117478e-01,-1.775494235142528021e+00,-1.294935633684667797e+00
-1.761290034613549604e-01,-1.799637632767245865e+00,-1.294574230242198976e+00
-1.656304931440804040e-01,-1.823448347229379651e+00,-1.293569846494905029e+00
-1.549792717519901664e-01,-1.847724629250887540e+00,-1.292573695401277201e+00
-1.472282918819679542e-01,-1.871814967855532252e+00,-1.292343742387826788e+00
-1.394734951475788687e-01,-1.895901740450921524e+00,-1.292115658911071163e+00
-1.312186058822323032e-01,-1.919538631226101577e+00,-1.291726718538690477e+00
-1.228199572515383947e-01,-1.943650292532007162e+00,-1.291340914782215465e+00
-1.130290991391599137e-01,-1.967825440481338672e+00,-1.290606767188067661e+00
-1.032262610931807129e-01,-1.991989337352857214e+00,-1.289878492774673147e+00
-9.961928329740671328e-02,-2.015382369638931692e+00,-1.290676529502093439e+00
-9.588621365958807652e-02,-2.039267867120551969e+00,-1.291468232604692679e+00
-9.715188302287941502e-02,-2.062955511013220278e+00,-1.293488122095362458e+00
-9.845002473710590118e-02,-2.086673545188030499e+00,-1.295492106944373223e+00
-9.845002473710590118e-02,-2.086673545188030499e+00,-1.295492106944373223e+00
-9.088294610075320357e-02,-2.110761589524849935e+00,-1.295303444396550985e+00
-7.955658705271292930e-02,-2.156415086375369938e+00,-1.295689314815408943e+00
-7.499318689623175882e-02,-2.180878548601727918e+00,-1.296257931537791341e+00
-7.043933676261636412e-02,-2.205350453674202349e+00,-1.296822157397452768e+00
-5.865845201984294655e-02,-2.229564392342914925e+00,-1.295629353239124315e+00
-5.366668475172751279e-02,-2.254051995412540421e+00,-1.296087216296056166e+00
-4.881815390639851482e-02,-2.278065069482414717e+00,-1.296541584215148646e+00
-4.443735009313837941e-02,-2.301595572959384661e+00,-1.297068509069600140e+00
-3.992906655796348708e-02,-2.325614832320021641e+00,-1.297591442069094159e+00
-3.556379214487243035e-02,-2.349160051453329512e+00,-1.298110428404440242e+00
-3.198434239301987947e-02,-2.373176718257789641e+00,-1.298835396333672731e+00
-2.437534152383247568e-02,-2.397273288668300140e+00,-1.298631123674711452e+00
-1.662879824450030908e-02,-2.421848605696977685e+00,-1.298428375438578364e+00
-9.147975134063533742e-03,-2.445457912678617785e+00,-1.298227134624275081e+00
-2.608634816312226448e-03,-2.469052732630862224e+00,-1.298239779805289151e+00
3.930525893605756917e-03,-2.492647723933224313e+00,-1.298252331663934278e+00
1.084372766924945886e-02,-2.516726676420035336e+00,-1.298211462356612111e+00
1.775754490868504398e-02,-2.540805068220496121e+00,-1.298170892458134773e+00
2.134468909817692148e-02,-2.562939161551213818e+00,-1.298744673989518539e+00
2.559722771714432327e-02,-2.587488505987431520e+00,-1.299314282564310030e+00
3.755254242582600765e-02,-2.611590760225463104e+00,-1.298169768217792397e+00
4.965949874794784585e-02,-2.636159112787626935e+00,-1.297033517512766077e+00
5.385706671186085703e-02,-2.660226984311944154e+00,-1.297585897820879852e+00
5.804649926473182814e-02,-2.684302300532019014e+00,-1.298134318413523225e+00
6.209841000359322960e-02,-2.708867140964178688e+00,-1.298735196343082654e+00
6.587223110078126165e-02,-2.732476932092624100e+00,-1.299331797561399604e+00
7.321431200361980252e-02,-2.755110870409784418e+00,-1.299111918947897015e+00
8.109566732349719753e-02,-2.779668726078294849e+00,-1.298893594246857575e+00
8.768761814830279555e-02,-2.803751239007370444e+00,-1.298919150238434739e+00
9.441346982024853562e-02,-2.828315721322993692e+00,-1.298944526889720397e+00
1.023411680568317300e-01,-2.852384623578621436e+00,-1.298692964692977903e+00
1.102724744998574286e-01,-2.876450249877025023e+00,-1.298443155542902572e+00
1.178588146450373214e-01,-2.900033914959096126e+00,-1.298238966259039673e+00
1.255824635680980739e-01,-2.924096532159871309e+00,-1.298036190049805638e+00
1.312538821290163693e-01,-2.948189224590397561e+00,-1.298252102800504293e+00
1.369222479417025740e-01,-2.972284698439441541e+00,-1.298466531614772101e+00
1.444176438608278656e-01,-2.996349135039960476e+00,-1.298311496903912898e+00
1.517806548148312729e-01,-3.019930038031064523e+00,-1.298157520450466063e+00
1.578703839794310115e-01,-3.043535725017882054e+00,-1.298258597090885536e+00
1.642279763457328012e-01,-3.068105759866797566e+00,-1.298358988465946551e+00
1.751332087786870995e-01,-3.092085950327012167e+00,-1.297534693567298225e+00
1.860498636317922394e-01,-3.116055738197634373e+00,-1.296715949476048069e+00
1.884882836611118662e-01,-3.139749478866055377e+00,-1.297535331820632187e+00
1.910511614783669265e-01,-3.163934766404278065e+00,-1.298349233346857812e+00
2.006068939288448150e-01,-3.187932992592832360e+00,-1.297801569465671934e+00
2.101701168670075670e-01,-3.211924400409401859e+00,-1.297257544547151698e+00
2.160691334646051287e-01,-3.236020973870391781e+00,-1.297421465555677278e+00
2.219659248960585418e-01,-3.260119581840822622e+00,-1.297584304577348080e+00
2.300384037906920420e-01,-3.284148826865047166e+00,-1.297332100797746302e+00
2.379792502861709513e-01,-3.307693544321746337e+00,-1.297081550813420803e+00
2.398178755104022619e-01,-3.331448911714454120e+00,-1.297982718072742570e+00
2.417800100726404389e-01,-3.355696584394880944e+00,-1.298878014535587155e+00
2.445491858661658358e-01,-3.379924701549463784e+00,-1.299614590594920793e+00
2.473085350687624362e-01,-3.404161722239644750e+00,-1.300346399171670164e+00
2.562610739539895599e-01,-3.428163581735207632e+00,-1.299925744366714042e+00
2.652191952745349135e-01,-3.452160412940153744e+00,-1.299507794737352340e+00
2.713937660075817493e-01,-3.476267815182391363e+00,-1.299604033569028649e+00
2.775670686421066735e-01,-3.500376363736739993e+00,-1.299699657456093949e+00
2.865206147004910608e-01,-3.524365037094565611e+00,-1.299289019907164722e+00
2.953454456406774398e-01,-3.547867167750718309e+00,-1.298880989580768697e+00
2.953454456406774398e-01,-3.547867167750718309e+00,-1.298880989580768697e+00
2.997378244246704515e-01,-3.572054328475026352e+00,-1.299299488662895463e+00
3.120685542134044588e-01,-3.619786022366890510e+00,-1.299468144449079876e+00
3.185673585503582816e-01,-3.644857601442454964e+00,-1.299551679289886019e+00
3.273754804636036519e-01,-3.668350730958451766e+00,-1.299154214257664419e+00
3.363224837960180902e-01,-3.692321014746280827e+00,-1.298759225643089321e+00
3.439393042351486240e-01,-3.716355391144216203e+00,-1.298601230811187390e+00
3.514237176358441239e-01,-3.739906346114023172e+00,-1.298444214275458419e+00
3.561644563577599509e-01,-3.764090671170549740e+00,-1.248789852540088230e+00
3.612090709870109384e-01,-3.787961321135075998e+00,-1.199287209953858513e+00
3.705160491452494376e-01,-3.811243011482260634e+00,-1.149247229187557284e+00
3.800876972476013860e-01,-3.834091741898819183e+00,-1.099360398150713625e+00
3.905342586897794233e-01,-3.855958871283968303e+00,-1.050477031382872850e+00
4.011634780716571980e-01,-3.877309566853418321e+00,-1.001741891768635595e+00
4.114844449215294686e-01,-3.898564568235035388e+00,-9.522778057594537549e-01
4.219470052253354586e-01,-3.919190679260914134e+00,-9.029615390010827802e-01
4.368808574610832940e-01,-3.938856040802095393e+00,-8.530541768226276300e-01
4.368808574610832940e-01,-3.938856040802095393e+00,-8.530541768226276300e-01
4.518844477553650152e-01,-3.957786897950137384e+00,-8.032964084110106873e-01
4.826669315255037729e-01,-3.991388367454836494e+00,-7.087970854163814227e-01
5.029240741642073687e-01,-4.007918280471121975e+00,-6.576470368865818816e-01
5.230925275077327186e-01,-4.023506354173576050e+00,-6.066492141640806857e-01
5.421596646302870859e-01,-4.037880646080815872e+00,-5.568935944326333098e-01
5.606183640566804183e-01,-4.051030526023938094e+00,-5.082810757025513215e-01
5.813867225533655425e-01,-4.063574836421621761e+00,-4.575303163181341226e-01
6.009933940992733259e-01,-4.074616604039349888e+00,-4.089217901265874144e-01
6.235311054480286996e-01,-4.084838332591041343e+00,-3.580633567010422236e-01
6.452024696652384206e-01,-4.093773355632994715e+00,-3.083498704091734988e-01
6.668881270918434190e-01,-4.101380028769350261e+00,-2.596221432301055176e-01
6.880494826114960105e-01,-4.107938775453817470e+00,-2.110348666433799758e-01
7.113196312814416000e-01,-4.113146814694127684e+00,-1.621472622764883742e-01
7.353798388611283432e-01,-4.117527300217279418e+00,-1.104088660039304615e-01
7.596661870454526344e-01,-4.120348529915899505e+00,-6.050066995770701783e-02
7.840619827182362389e-01,-4.121928622969162070e+00,-6.059194781432725163e-02
8.104535365113683110e-01,-4.123260367821925065e+00,-6.035706557392101629e-02
8.363385187246578090e-01,-4.124551301019016236e+00,-6.012352169385899031e-02
8.601284385502515617e-01,-4.126113132148478080e+00,-6.023226487958358022e-02
8.844209045653437240e-01,-4.127709856745257255e+00,-6.034039195660716171e-02
9.132566929402446965e-01,-4.128663547094152619e+00,-5.970679191229788518e-02
9.420725149451849578e-01,-4.129588824458782170e+00,-5.907676144570302851e-02
9.699915429361500863e-01,-4.130618162099974455e+00,-5.859336223565073110e-02
9.978953936373323730e-01,-4.131625942005426211e+00,-5.811267114442224269e-02
1.026122301972134165e+00,-4.132558632836660806e+00,-5.757952271022405422e-02
1.054332538397390051e+00,-4.133467678252103816e+00,-5.704934446228881323e-02
1.081924402916520034e+00,-4.134453728168383968e+00,-5.662021504530719701e-02
1.109003701721509749e+00,-4.135392555151139682e+00,-5.619346307661909901e-02
1.136144075784484064e+00,-4.136415419116894476e+00,-5.583829124809453620e-02
1.162774212083137026e+00,-4.137394797097975641e+00,-5.548507628914860212e-02
1.192323385970884386e+00,-4.137942310745421182e+00,-5.473792463170059491e-02
1.222348732278540240e+00,-4.138484578124774771e+00,-5.399486695593723462e-02
1.248706994700784279e+00,-4.139567425732017192e+00,-5.376782721348798838e-02
1.274558989505578666e+00,-4.140613549384291048e+00,-5.354202474483956559e-02
1.300446648248654968e+00,-4.141893825462131140e+00,-5.347299989948302301e-02
1.325333624960231438e+00,-4.143117605736478914e+00,-5.340434917252945279e-02
1.348972617452799616e+00,-4.144596372703860609e+00,-5.353870796454801573e-02
1.373114996073296679e+00,-4.146107530963988985e+00,-5.367234245041015150e-02
1.397308627729493713e+00,-4.147748401135414653e+00,-5.387875745057360555e-02
1.420509954484039605e+00,-4.149344439230749693e+00,-5.408406566789437236e-02
1.447431079151888733e+00,-4.150259422432786671e+00,-5.376593189074028306e-02
1.447431079151888733e+00,-4.150259422432786671e+00,-5.376593189074028306e-02
1.474342619186071124e+00,-4.151160892275362890e+00,-5.344949482706434774e-02
1.474342619186071124e+00,-4.151160892275362890e+00,-5.344949482706434774e-02
1.524093110318701427e+00,-4.153442033309865167e+00,-5.323516647170742355e-02
1.575088855794154252e+00,-4.155695912954055160e+00,-5.298097652302052180e-02
1.603878570374584589e+00,-4.156076445825304333e+00,-5.236022467559991317e-02
1.632649841806750990e+00,-4.156431017833979169e+00,-5.174273136806077644e-02
1.660065114327351932e+00,-4.156947450750255513e+00,-5.126447456002582864e-02
1.687466198332579603e+00,-4.157444461503436273e+00,-5.078871517657590484e-02
1.708896672363691138e+00,-4.159642074718530758e+00,-5.136232607332872485e-02
1.730843406198591783e+00,-4.161889103689483171e+00,-5.193295717321528421e-02
1.754126943183744292e+00,-4.163803135083862905e+00,-5.228665847661820298e-02
1.754126943183744292e+00,-4.163803135083862905e+00,-5.228665847661820298e-02
1.776921504845843769e+00,-4.165705952041010462e+00,-5.263853186630845088e-02
1.803480568192167954e+00,-4.166411904605359595e+00,-5.229941532925080211e-02
1.857401349721609973e+00,-4.167713897052611749e+00,-5.157247889409652397e-02
1.885260998335964944e+00,-4.168333360425207523e+00,-5.118490811805122970e-02
1.908126170736846428e+00,-4.170058763742778396e+00,-5.144437321586768641e-02
1.930998849941415019e+00,-4.171794430217484972e+00,-5.170251788061638876e-02
1.955944316326685195e+00,-4.172916042473184817e+00,-5.162513351273573248e-02
1.981386890669927014e+00,-4.174060410470876725e+00,-5.154814096443928462e-02
2.007710359473056094e+00,-4.175108430654872471e+00,-5.140946129030225104e-02
2.033031193612981014e+00,-4.176099357952583802e+00,-5.127148025432207157e-02
2.060715208072873672e+00,-4.176700900082471968e+00,-5.091293254809722835e-02
2.087390336058797757e+00,-4.177236870432039950e+00,-5.055618207348253068e-02
2.110587626986373699e+00,-4.179077507086944365e+00,-5.084237620808507163e-02
2.133293673410891156e+00,-4.180904110082116709e+00,-5.112714294052003727e-02
2.159223531425506604e+00,-4.181860387945345536e+00,-5.097164105383421989e-02
2.185149008694969641e+00,-4.182810514885352937e+00,-5.081691088867040795e-02
2.210586949467742368e+00,-4.183919680828758203e+00,-5.074097636605300748e-02
2.236022760506188867e+00,-4.185025857936317095e+00,-5.066541682873249020e-02
2.263034078683712647e+00,-4.185577370827775034e+00,-5.033556454644012162e-02
2.290036187427594072e+00,-4.186115964123438005e+00,-5.000733315988382943e-02
2.315580017478843011e+00,-4.187159966971377045e+00,-4.991453918081360103e-02
2.340621889373456277e+00,-4.188175406007237811e+00,-4.982219896203224363e-02
2.340621889373456277e+00,-4.188175406007237811e+00,-4.982219896203224363e-02
2.340621889373456277e+00,-4.188175406007237811e+00,-4.982219896203224363e-02
2.363149801615608503e+00,-4.189897733330941954e+00,-5.005483338264503368e-02
2.439954641775955224e+00,-4.192934164027122712e+00,-4.974875588199124954e-02
2.466008389833131975e+00,-4.193979181378245435e+00,-4.965442656216015327e-02
2.492059555724386755e+00,-4.195020480411141506e+00,-4.956055184146079123e-02
2.517481962456544320e+00,-4.195863561734499925e+00,-4.940710663244109180e-02
2.542400782337376874e+00,-4.196676235687718304e+00,-4.925439737166608517e-02
2.568859227993669947e+00,-4.197316365099646340e+00,-4.901465142918452755e-02
2.595311155437857842e+00,-4.197947370017874213e+00,-4.877604985874345322e-02
2.621656195763966579e+00,-4.198609950055320006e+00,-4.855474822562415305e-02
2.648494653429879886e+00,-4.199288415163467292e+00,-4.833449790667645324e-02
2.674845887321953164e+00,-4.200156999100645550e+00,-4.819273362471241523e-02
2.700194464943339590e+00,-4.200971922997087660e+00,-4.805163962304134090e-02
2.723914708885930125e+00,-4.202698663177548255e+00,-4.825284401573592952e-02
2.747640356822421470e+00,-4.204432953420137231e+00,-4.845310156422963366e-02
2.774989796791910823e+00,-4.204624990014973918e+00,-4.807062811986687750e-02
2.802329017175376524e+00,-4.204802742003483473e+00,-4.768994612020838880e-02
2.828245076654105183e+00,-4.205582598084509627e+00,-4.753814577461581981e-02
2.854157093646804366e+00,-4.206356810905684362e+00,-4.738705312294210631e-02
2.880065095214699333e+00,-4.207125419784206066e+00,-4.723666322778779375e-02
2.904737596818077972e+00,-4.208440105172004841e+00,-4.728479030086579077e-02
2.930569054054780409e+00,-4.209233519728997841e+00,-4.714676949884741980e-02
2.956396866977137439e+00,-4.210021850238615748e+00,-4.700938620630718684e-02
2.982221059831959398e+00,-4.210805131799457257e+00,-4.687263601649755557e-02
3.006703014277571029e+00,-4.211948982296974009e+00,-4.687121336522495629e-02
3.031684382197466388e+00,-4.213116209194386563e+00,-4.686979723987562407e-02
3.055053791228653726e+00,-4.215043107933923672e+00,-4.712702120844797921e-02
3.078429918485321437e+00,-4.216979374228192690e+00,-4.738307063835105193e-02
3.104086348014354346e+00,-4.217572548074931760e+00,-4.719318047928711818e-02
3.126003264344890731e+00,-4.220227575076690663e+00,-4.768312071275823683e-02
3.147932880640026188e+00,-4.222900323962382352e+00,-4.817083899505716221e-02
3.169875098800556845e+00,-4.225590673881314707e+00,-4.865635040730043048e-02
3.194658504990535164e+00,-4.226627734882205445e+00,-4.860628233299019857e-02
3.219440622989880652e+00,-4.227663047136354990e+00,-4.855643979054623943e-02
3.244941964749053387e+00,-4.228609821757318699e+00,-4.847140063077215455e-02
3.270441132031034481e+00,-4.229553554731849019e+00,-4.838674281252171999e-02
3.296245437956868418e+00,-4.230337492315773495e+00,-4.825325141936379070e-02
3.321546926477831896e+00,-4.231092559225999139e+00,-4.812035596992529640e-02
3.348560532568296999e+00,-4.231237294521113412e+00,-4.779337793435108062e-02
3.375066414952449190e+00,-4.231346549846523253e+00,-4.746785313449054106e-02
3.400379015918172598e+00,-4.232353695680524552e+00,-4.741332364909828928e-02
3.425690238141386512e+00,-4.233358916634349711e+00,-4.735903544461483872e-02
3.452660903896407341e+00,-4.233476359259851662e+00,-4.703931966831721018e-02
3.479623518666392634e+00,-4.233582565566343270e+00,-4.672101233156273487e-02
3.503360412427252601e+00,-4.235125321829549705e+00,-4.683875940660479908e-02
3.528099170109463500e+00,-4.236718902550161481e+00,-4.695599004710719615e-02
3.553305982195437807e+00,-4.237763712616406941e+00,-4.691852821410340962e-02
3.577512959024397698e+00,-4.238760316250723470e+00,-4.688122996989002589e-02
3.602812673167674618e+00,-4.240051230586225905e+00,-4.690875558780028404e-02
3.627613620656285232e+00,-4.241319681486684701e+00,-4.693616152911093270e-02
3.652227727662878731e+00,-4.242694922317174822e+00,-4.699339991041549119e-02
3.676843251985218775e+00,-4.244072140107938651e+00,-4.705039050651958765e-02
3.700666075755167039e+00,-4.245596407405919592e+00,-4.715418153120746331e-02
3.725490351153026403e+00,-4.247171277322681959e+00,-4.725752518078892711e-02
3.749889625293628459e+00,-4.248371208217601946e+00,-4.726923579078676219e-02
3.774788628799417012e+00,-4.249595154250670248e+00,-4.728089614065585089e-02
3.803352352561217842e+00,-4.248666217589350147e+00,-4.670786980742244743e-02
3.831902074501532418e+00,-4.247717741900057575e+00,-4.613729230467295689e-02
3.858484958976315493e+00,-4.247912538043867592e+00,-4.588060517139405659e-02
3.885061584416765079e+00,-4.248098618290379491e+00,-4.562501032378868393e-02
3.908086992346595512e+00,-4.250090001968348297e+00,-4.585603289464424553e-02
3.931617499053472908e+00,-4.252111886750996383e+00,-4.608607655630127253e-02
3.956724377248721947e+00,-4.253182140501870379e+00,-4.606481329974110306e-02
3.981830741350192771e+00,-4.254251678300250639e+00,-4.604363976156303218e-02
4.002750411597840952e+00,-4.257245792754539515e+00,-4.653031274918571769e-02
4.025180218231489526e+00,-4.260325024988351750e+00,-4.701494089232259588e-02
4.051798830242108629e+00,-4.260469173162992895e+00,-4.675277572934726650e-02
4.077412260853808590e+00,-4.260557832110099419e+00,-4.649170749174003775e-02
4.103442638659259956e+00,-4.262068878524481796e+00,-4.656190963210662948e-02
4.127476848908478324e+00,-4.263489379295296366e+00,-4.663181926355502299e-02
4.153009982316532067e+00,-4.263951518331817070e+00,-4.646317558641453044e-02
4.179038562800571732e+00,-4.264431464422330897e+00,-4.629523167556921781e-02
4.203221395239133074e+00,-4.266448954725132303e+00,-4.650041335683616217e-02
4.226410154761158111e+00,-4.268426932539960639e+00,-4.670474717991605906e-02
4.252591938168098551e+00,-4.268799887063475573e+00,-4.651248978786846899e-02
4.278769193499164736e+00,-4.269166527412539658e+00,-4.632102357850419877e-02
4.303948439429217565e+00,-4.269832086957041639e+00,-4.620887538766420971e-02
4.329624513921914719e+00,-4.270517186312625668e+00,-4.609718682055716221e-02
4.354861180859221470e+00,-4.271492261747376062e+00,-4.605536072199884617e-02
4.380596339382656801e+00,-4.272488994130891449e+00,-4.601370534221016495e-02
4.404554330447608912e+00,-4.273604225527696698e+00,-4.601634309243259058e-02
4.429511324640601266e+00,-4.274765537347351874e+00,-4.601897012009314308e-02
4.454677668491790143e+00,-4.276149441440718846e+00,4.932337345366076195e-03
4.478734333576992910e+00,-4.276678178425120436e+00,5.478262737169389135e-02
4.504731473622610949e+00,-4.274269977496002682e+00,1.040261441660004921e-01
4.530973474904945952e+00,-4.271006680790882193e+00,1.551658564571041787e-01
4.555271313045998305e+00,-4.267425864740842734e+00,2.051020258647120453e-01
4.578238846488610569e+00,-4.263157574442012709e+00,2.539400580457832901e-01
4.603437625342698958e+00,-4.256164199728059927e+00,3.040992232299800646e-01
4.627193600687339092e+00,-4.248555504596232879e+00,3.531597517534401098e-01
4.650766809759039333e+00,-4.239825118589705788e+00,4.031782604531477521e-01
4.672806431589143550e+00,-4.230572935780960719e+00,4.520990858512629051e-01
4.695843312743193998e+00,-4.219360898884740863e+00,5.031148852702393981e-01
4.716798674392102875e+00,-4.207922516578921801e+00,5.520333997708866125e-01
4.737894611000852407e+00,-4.194953215858800100e+00,6.020028182047159060e-01
4.757695837718978638e+00,-4.181395454414705171e+00,6.518735432850522038e-01
4.775934719780467574e+00,-4.167461040302363529e+00,7.006740977968336503e-01
4.793206214231660489e+00,-4.152732548032550319e+00,7.503770123302223594e-01
4.811714783582729638e+00,-4.135452498432337975e+00,8.013538563016822103e-01
4.828698480338476706e+00,-4.117716257456191187e+00,8.522307910810970055e-01
4.844221395397196872e+00,-4.099740943027955886e+00,9.011321205131354040e-01
4.858540526353422706e+00,-4.081070884873308380e+00,9.509361791270801723e-01
4.872243349046506466e+00,-4.061542768617148802e+00,9.998493243179708001e-01
4.884636739722139964e+00,-4.041386490269025522e+00,1.049665531200725477e+00
4.884636739722139964e+00,-4.041386490269025522e+00,1.049665531200725477e+00
4.896497467445768415e+00,-4.020405221333673396e+00,1.098609926268051540e+00
4.896497467445768415e+00,-4.020405221333673396e+00,1.098609926268051540e+00
4.919182828846571098e+00,-3.974478686803867955e+00,1.198787934138394906e+00
4.936380402657682076e+00,-3.926966685678749958e+00,1.299794702206099384e+00
4.942352142243880309e+00,-3.903093695488815129e+00,1.350650951332063920e+00
4.947194684279391019e+00,-3.879600891929561701e+00,1.399565213684377030e+00
4.950312346863703361e+00,-3.856329812953377623e+00,1.448385934801623476e+00
4.955055014352401699e+00,-3.830117945975783922e+00,1.498673755609998270e+00
4.957999942347386835e+00,-3.803763121271008352e+00,1.549863149621395042e+00
4.957607484571900258e+00,-3.779533922837608362e+00,1.599705848145346554e+00
4.955450960060794330e+00,-3.756259939832846229e+00,1.648455988880234147e+00
4.951904017035094974e+00,-3.733221307308054016e+00,1.697170792187874699e+00
4.946575749929492893e+00,-3.710262936766643094e+00,1.746791978816319757e+00
4.941511173977400695e+00,-3.686232853135480436e+00,1.796671871386713359e+00
4.934815512214834499e+00,-3.663385124942537097e+00,1.845459764362501698e+00
4.927899095087962422e+00,-3.638841150295723192e+00,1.896459723743556980e+00
4.919540017736555804e+00,-3.616075193423863077e+00,1.945367578014157273e+00
4.908883594065906131e+00,-3.593483351586915120e+00,1.894131798924522991e+00
4.900148833701584827e+00,-3.570460585413564036e+00,1.843990535861441238e+00
4.894424705670235909e+00,-3.546701848020465064e+00,1.796125192154162997e+00
4.890001352716280891e+00,-3.520743125903998294e+00,1.745354495251762117e+00
4.890001352716280891e+00,-3.520743125903998294e+00,1.745354495251762117e+00
4.890001352716280891e+00,-3.520743125903998294e+00,1.745354495251762117e+00
4.879714445561841529e+00,-3.476544352418113437e+00,1.649782091547075114e+00
4.874854060355187535e+00,-3.453083257977263010e+00,1.597269923128519009e+00
4.872205582546571101e+00,-3.428815036221732004e+00,1.544910798078159120e+00
4.872439997490825014e+00,-3.380478779894751540e+00,1.443476966335929479e+00
4.874639621079342788e+00,-3.356550267844045976e+00,1.393295849444543988e+00
4.878481414156978779e+00,-3.332869194638180765e+00,1.344205471953494824e+00
4.883200533057478587e+00,-3.309316908546584113e+00,1.294037219514116099e+00
4.889627735288955890e+00,-3.285634253035617292e+00,1.243961158475614726e+00
4.895354390697381319e+00,-3.264708768731849009e+00,1.195586776609122159e+00
4.903226235697018431e+00,-3.242333931285579673e+00,1.144306826793237475e+00
4.913596593433528170e+00,-3.219811366072842240e+00,1.095351739795694668e+00
4.925747520164612148e+00,-3.196926747543644698e+00,1.045487398569052262e+00
4.936457342652223801e+00,-3.177204457343294930e+00,9.961838666988442892e-01
4.949230404737479105e+00,-3.156822497240308500e+00,9.449738258861369866e-01
4.965107682397267297e+00,-3.135391346593073170e+00,8.952132276445997627e-01
4.982106515333049934e+00,-3.114671347201722007e+00,8.465402127902161844e-01
4.997176327854905509e+00,-3.097439269311349275e+00,7.973126247021123936e-01
5.013945148178534872e+00,-3.080226821714628471e+00,7.471757833337501209e-01
5.031636882238487374e+00,-3.063869726899952184e+00,6.970480031988026681e-01
5.050614609684949130e+00,-3.048008079846522111e+00,6.470102867919377276e-01
5.050614609684949130e+00,-3.048008079846522111e+00,6.470102867919377276e-01
5.050614609684949130e+00,-3.048008079846522111e+00,6.470102867919377276e-01
5.069809682061914735e+00,-3.033681537591796484e+00,5.968611187876603497e-01
5.089908509208630250e+00,-3.020206461188624569e+00,5.467459943613900419e-01
5.132184202524483929e+00,-2.996361774027138214e+00,4.465345068544334661e-01
5.132184202524483929e+00,-2.996361774027138214e+00,4.465345068544334661e-01
5.154806254244729047e+00,-2.985491208867413260e+00,3.965492060424439247e-01
5.154806254244729047e+00,-2.985491208867413260e+00,3.965492060424439247e-01
5.178380419323792339e+00,-2.975309354734567258e+00,3.466525055879438044e-01
5.201297347691525630e+00,-2.967429072550314295e+00,2.965325453489986995e-01
5.224564573725997363e+00,-2.960439388557821516e+00,2.474995814359862156e-01
5.248737530457302292e+00,-2.954382871215369466e+00,1.974864070089832613e-01
5.270697349207112303e+00,-2.951323752304135350e+00,1.491682425734723871e-01
5.294287281351518715e+00,-2.948802103229291927e+00,9.893906992859603788e-02
5.317982921717805844e+00,-2.947585600413998197e+00,4.869966879837384077e-02
5.341700022604718434e+00,-2.947196160121986264e+00,-4.530794382223600415e-04
5.366687820888857097e+00,-2.947756134461305244e+00,-5.155688816444159439e-02
5.391574737098754788e+00,-2.949130410894611032e+00,-1.015730745216338743e-01
5.413824170275575831e+00,-2.954498559203894814e+00,-1.521042841899171993e-01
5.436350976719450223e+00,-2.960657075622349144e+00,-2.025466896506587511e-01
5.459639549695338268e+00,-2.966993761443180944e+00,-2.527895951353247850e-01
5.482583568105759753e+00,-2.973971102877372541e+00,-3.019467366495067195e-01
5.505133497608674986e+00,-2.981507693099207046e+00,-3.500202894387259844e-01
5.530023803641742397e+00,-2.988534350574595599e+00,-3.997367880094765402e-01
5.554415801093340654e+00,-2.996058825817416338e+00,-4.483697814127417525e-01
5.575736788196289595e+00,-3.008230829277158236e+00,-4.986124222017079832e-01
5.618450093944855617e+00,-3.033126996170524059e+00,-5.976419765347452673e-01
5.659132991771534726e+00,-3.062190157509326216e+00,-6.976263935408929528e-01
5.659132991771534726e+00,-3.062190157509326216e+00,-6.976263935408929528e-01
5.695927858972021696e+00,-3.096022492036229590e+00,-7.977641467516698448e-01
5.730393509205312874e+00,-3.132144135189816492e+00,-8.976725848945174002e-01
5.746862054914342544e+00,-3.150710735264438789e+00,-9.474999181062558895e-01
5.761749690132464963e+00,-3.170682704705171329e+00,-9.974424823795602357e-01
5.775481240809672734e+00,-3.190055248108262465e+00,-1.045304159611400552e+00
5.789012461365001805e+00,-3.210586941757719082e+00,-1.095112715115432289e+00
5.801413942748767205e+00,-3.230365209726078657e+00,-1.142841107132918976e+00
5.813108594347903946e+00,-3.252340895384122632e+00,-1.193627921825679783e+00
5.823482508440378069e+00,-3.272967705133648764e+00,-1.241334914992625604e+00
5.832603787277697904e+00,-3.296141786169038301e+00,-1.292169323471933806e+00
5.840647471911791122e+00,-3.318271338101998147e+00,-1.340922345969705498e+00
5.845372652137750258e+00,-3.343670920722170425e+00,-1.391105289939942979e+00
5.849411069902719085e+00,-3.369323377565377697e+00,-1.442202624096946550e+00
5.852549586452858499e+00,-3.394189858378790614e+00,-1.492215216797899480e+00
5.854891617783001934e+00,-3.418704320752373071e+00,-1.542144711184231021e+00
5.856411388151948394e+00,-3.441802774081640592e+00,-1.589990818305074827e+00
5.857214358501658502e+00,-3.465429604938270458e+00,-1.639754653548035401e+00
5.857055733992723390e+00,-3.488709442749628131e+00,-1.689468045130101626e+00
5.856114119985146971e+00,-3.511400890211672454e+00,-1.739099874363712495e+00
5.856114119985146971e+00,-3.511400890211672454e+00,-1.739099874363712495e+00
5.856114119985146971e+00,-3.511400890211672454e+00,-1.739099874363712495e+00
5.842619472915155932e+00,-3.578255076338013652e+00,-1.878842899178352566e+00
5.836542542794405541e+00,-3.600521345672064388e+00,-1.928573296234785905e+00
5.829736991883886610e+00,-3.621930332422464538e+00,-1.978225133831983173e+00
5.822241096409828565e+00,-3.642415077221874853e+00,-2.027796409868405814e+00
5.814082391951220785e+00,-3.661924156429849919e+00,-2.077287518609440387e+00
5.803047023747255118e+00,-3.682487851828926573e+00,-2.126137563909031414e+00
5.790716504635136097e+00,-3.702875060844998512e+00,-2.125988096866184840e+00
5.776435186678753553e+00,-3.725224155115568259e+00,-2.126181375408640495e+00
5.762149247387013062e+00,-3.747564584366067653e+00,-2.126374027440423475e+00
5.750034820219260823e+00,-3.767745443613737422e+00,-2.126187779534532751e+00
5.737924830468958959e+00,-3.787934628003952309e+00,-2.126002133398936067e+00
5.724004220762838102e+00,-3.809737240104391187e+00,-2.126175762823619753e+00
5.709816000749350806e+00,-3.831957059769783847e+00,-2.126348833055308862e+00
5.699435321379069386e+00,-3.850490440652870383e+00,-2.125868359487839143e+00
5.689066017844456979e+00,-3.869045158863624767e+00,-2.125389428371629474e+00
5.676030702612607115e+00,-3.890000456468856171e+00,-2.125412163793007014e+00
5.662731561230661015e+00,-3.911379811810459906e+00,-2.125434826461035875e+00
5.650764314363039276e+00,-3.931502357217324217e+00,-2.125232413017507760e+00
5.638801834077408870e+00,-3.951633827191923132e+00,-2.125030645230897353e+00
5.625658638977491854e+00,-3.972878272787562448e+00,-2.125028278703591234e+00
5.612515499451131262e+00,-3.994122822357928815e+00,-2.125025919701014399e+00
5.604205604257032292e+00,-4.010919046946841426e+00,-2.124218952823155870e+00
5.604205604257032292e+00,-4.010919046946841426e+00,-2.124218952823155870e+00
5.604205604257032292e+00,-4.010919046946841426e+00,-2.124218952823155870e+00
5.596177404523793086e+00,-4.027325241361479513e+00,-2.123414543685004929e+00
5.582510961863937915e+00,-4.048537874461132446e+00,-2.123634547332959865e+00
5.567789727785803500e+00,-4.071443338335020812e+00,-2.123853855866703277e+00
5.538777305482546431e+00,-4.116636180820207436e+00,-2.124260430579649750e+00
5.524395283665453071e+00,-4.139006607320768971e+00,-2.124462759033498127e+00
5.502529314331221499e+00,-4.177651457140537872e+00,-2.123746421877304780e+00
5.491608761810396366e+00,-4.196997097434276291e+00,-2.123389934841828364e+00
5.478740510339236813e+00,-4.218055660829687525e+00,-2.123349066739727675e+00
5.478740510339236813e+00,-4.218055660829687525e+00,-2.123349066739727675e+00
5.466398064218957131e+00,-4.238264795907734417e+00,-2.123308326151206238e+00
5.453113234989960922e+00,-4.259685859657168727e+00,-2.123334544985616912e+00
5.438096989198701436e+00,-4.282582199674896728e+00,-2.123636197525847091e+00
5.422811257716916522e+00,-4.305891133198148424e+00,-2.123936913256946557e+00
5.412136041403382336e+00,-4.325090249460064484e+00,-2.123548169241185946e+00
5.390812276244051127e+00,-4.363538233526790044e+00,-2.122774286254633047e+00
5.377930686222720524e+00,-4.384636805721420671e+00,-2.122738642979291601e+00
5.365049909602923606e+00,-4.405736892344847888e+00,-2.122703109544552991e+00
5.353994017384987814e+00,-4.425133705763748537e+00,-2.122424830264888929e+00
5.343206257951526261e+00,-4.444116323201300567e+00,-2.122147405913887397e+00
